{
    "index": {
        "0": 0,
        "1": 1,
        "2": 2,
        "3": 3
    },
    "Fold": {
        "0": 0,
        "1": 1,
        "2": 2,
        "3": 3
    },
    "Train rows": {
        "0": 29999,
        "1": 30000,
        "2": 30000,
        "3": 30001
    },
    "Validation rows": {
        "0": 10001,
        "1": 10000,
        "2": 10000,
        "3": 9999
    },
    "Validation score": {
        "0": "0.6582 +/- 0.0075062",
        "1": "0.65925 +/- 0.0074026",
        "2": "0.65732 +/- 0.0075275",
        "3": "0.65379 +/- 0.0077124"
    },
    "GINI": {
        "0": "0.32231 +/- 0.014918",
        "1": "0.32474 +/- 0.014726",
        "2": "0.32053 +/- 0.015064",
        "3": "0.31412 +/- 0.015335"
    },
    "MCC": {
        "0": "0.038413 +/- 0.002725",
        "1": "0.038891 +/- 0.0022833",
        "2": "0.038202 +/- 0.0021123",
        "3": "0.038333 +/- 0.0023595"
    },
    "F05": {
        "0": "0.02799 +/- 0.0046315",
        "1": "0.029061 +/- 0.0045464",
        "2": "0.031232 +/- 0.0060144",
        "3": "0.021564 +/- 0.0030758"
    },
    "F1": {
        "0": "0.032831 +/- 0.0043105",
        "1": "0.035402 +/- 0.0041178",
        "2": "0.031638 +/- 0.0029933",
        "3": "0.027847 +/- 0.0024725"
    },
    "F2": {
        "0": "0.056051 +/- 0.0031979",
        "1": "0.060493 +/- 0.0038603",
        "2": "0.05686 +/- 0.0035054",
        "3": "0.055425 +/- 0.0027733"
    },
    "ACCURACY": {
        "0": "0.99001 +/- 0.00083514",
        "1": "0.99033 +/- 0.00064787",
        "2": "0.99097 +/- 0.00065536",
        "3": "0.99034 +/- 0.0006009"
    },
    "LOGLOSS": {
        "0": "0.035051 +/- 0.00086975",
        "1": "0.035014 +/- 0.00089017",
        "2": "0.035038 +/- 0.00088274",
        "3": "0.035117 +/- 0.00090818"
    },
    "AUCPR": {
        "0": "0.011212 +/- 0.00072097",
        "1": "0.011736 +/- 0.00068442",
        "2": "0.011455 +/- 0.00069941",
        "3": "0.01065 +/- 0.0005184"
    },
    "AUC": {
        "0": "0.6582 +/- 0.0075062",
        "1": "0.65925 +/- 0.0074026",
        "2": "0.65732 +/- 0.0075275",
        "3": "0.65379 +/- 0.0077124"
    }
}