{
    "index": {
        "0": 0
    },
    "Type": {
        "0": "GBMModel"
    },
    "Num Folds": {
        "0": 4
    },
    "Model Weight": {
        "0": 1.0
    },
    "booster": {
        "0": "gbtree"
    },
    "max_depth": {
        "0": 8
    },
    "max_leaves": {
        "0": 0
    },
    "subsample": {
        "0": 0.4
    },
    "colsample_bytree": {
        "0": 0.5
    },
    "tree_method": {
        "0": "gpu_hist"
    },
    "grow_policy": {
        "0": "depthwise"
    },
    "random_state": {
        "0": 166352435
    },
    "learning rate": {
        "0": 0.02
    },
    "Target Transformer": {
        "0": "LabelEncoder"
    },
    "Fitted features": {
        "0": 1
    },
    "Fit iterations [each fold]": {
        "0": [
            399,
            501,
            448,
            370
        ]
    },
    "Fit tree count [each fold]": {
        "0": [
            399,
            501,
            448,
            370
        ]
    }
}