{
    "Scorer": {
        "0": "GINI",
        "1": "MCC",
        "2": "F05",
        "3": "F1",
        "4": "F2",
        "5": "ACCURACY",
        "6": "LOGLOSS",
        "7": "AUCPR",
        "8": "AUC"
    },
    "Final ensemble external validation scores +/- standard deviation": {
        "0": "0.32043 +/- 0.015011",
        "1": "0.03846 +/- 0.00237",
        "2": "0.027462 +/- 0.004567",
        "3": "0.031929 +/- 0.0034736",
        "4": "0.057207 +/- 0.0033342",
        "5": "0.99041 +/- 0.00068482",
        "6": "0.035055 +/- 0.00088771",
        "7": "0.011263 +/- 0.0006558",
        "8": "0.65714 +/- 0.0075372"
    },
    "Optimized": {
        "0": "",
        "1": "",
        "2": "",
        "3": "",
        "4": "",
        "5": "",
        "6": "",
        "7": "",
        "8": "*"
    },
    "Better score is": {
        "0": "higher",
        "1": "higher",
        "2": "higher",
        "3": "higher",
        "4": "higher",
        "5": "higher",
        "6": "lower",
        "7": "higher",
        "8": "higher"
    }
}