{
    "job order": {
        "0": 5,
        "1": 6,
        "2": 7,
        "3": 10,
        "4": 11,
        "5": 8,
        "6": 9,
        "7": 12,
        "8": 13,
        "9": 14,
        "10": 2,
        "11": 15,
        "12": 4,
        "13": 0,
        "14": 3,
        "15": 1
    },
    "booster": {
        "0": "gbtree",
        "1": "gblinear",
        "2": "gblinear",
        "3": "gblinear",
        "4": "gblinear",
        "5": "gblinear",
        "6": "gblinear",
        "7": "gblinear",
        "8": "gblinear",
        "9": "gbtree",
        "10": "gblinear",
        "11": "gbtree",
        "12": "gbtree",
        "13": "gblinear",
        "14": "gblinear",
        "15": "gblinear"
    },
    "colsample_bytree": {
        "0": 0.5,
        "1": "",
        "2": "",
        "3": "",
        "4": "",
        "5": "",
        "6": "",
        "7": "",
        "8": "",
        "9": 0.9,
        "10": "",
        "11": 0.5,
        "12": 0.7,
        "13": "",
        "14": "",
        "15": ""
    },
    "coordinate_selection": {
        "0": "",
        "1": "cyclic",
        "2": "cyclic",
        "3": "cyclic",
        "4": "cyclic",
        "5": "cyclic",
        "6": "cyclic",
        "7": "cyclic",
        "8": "cyclic",
        "9": "",
        "10": "cyclic",
        "11": "",
        "12": "",
        "13": "cyclic",
        "14": "cyclic",
        "15": "cyclic"
    },
    "gamma": {
        "0": 0.1,
        "1": "",
        "2": "",
        "3": "",
        "4": "",
        "5": "",
        "6": "",
        "7": "",
        "8": "",
        "9": 0.01,
        "10": "",
        "11": 0,
        "12": 0.01,
        "13": "",
        "14": "",
        "15": ""
    },
    "grow_policy": {
        "0": "depthwise",
        "1": "",
        "2": "",
        "3": "",
        "4": "",
        "5": "",
        "6": "",
        "7": "",
        "8": "",
        "9": "lossguide",
        "10": "",
        "11": "lossguide",
        "12": "depthwise",
        "13": "",
        "14": "",
        "15": ""
    },
    "learning_rate": {
        "0": "",
        "1": 0.5,
        "2": 0.5,
        "3": 0.5,
        "4": 0.5,
        "5": 0.5,
        "6": 0.5,
        "7": 0.5,
        "8": 0.5,
        "9": "",
        "10": 0.5,
        "11": "",
        "12": "",
        "13": 0.5,
        "14": 0.5,
        "15": 0.5
    },
    "max_bin": {
        "0": 256,
        "1": "",
        "2": "",
        "3": "",
        "4": "",
        "5": "",
        "6": "",
        "7": "",
        "8": "",
        "9": 256,
        "10": "",
        "11": 256,
        "12": 256,
        "13": "",
        "14": "",
        "15": ""
    },
    "max_delta_step": {
        "0": 0.0,
        "1": "",
        "2": "",
        "3": "",
        "4": "",
        "5": "",
        "6": "",
        "7": "",
        "8": "",
        "9": 4.8147986626,
        "10": "",
        "11": 2.4073993313,
        "12": 0.0,
        "13": "",
        "14": "",
        "15": ""
    },
    "max_depth": {
        "0": 8.0,
        "1": 0.0,
        "2": 0.0,
        "3": 0.0,
        "4": 0.0,
        "5": 0.0,
        "6": 0.0,
        "7": 0.0,
        "8": 0.0,
        "9": 0.0,
        "10": 0.0,
        "11": 0.0,
        "12": 5.0,
        "13": 0.0,
        "14": 0.0,
        "15": 0.0
    },
    "max_leaves": {
        "0": 0.0,
        "1": 0.0,
        "2": 0.0,
        "3": 0.0,
        "4": 0.0,
        "5": 0.0,
        "6": 0.0,
        "7": 0.0,
        "8": 0.0,
        "9": 32.0,
        "10": 0.0,
        "11": 256.0,
        "12": 0.0,
        "13": 0.0,
        "14": 0.0,
        "15": 0.0
    },
    "min_lambda_fraction": {
        "0": "",
        "1": 0.0001,
        "2": 0.0001,
        "3": 0.0001,
        "4": 0.0001,
        "5": 0.0001,
        "6": 0.0001,
        "7": 0.0001,
        "8": 0.0001,
        "9": "",
        "10": 0.0001,
        "11": "",
        "12": "",
        "13": 0.0001,
        "14": 0.0001,
        "15": 0.0001
    },
    "n_lambda": {
        "0": "",
        "1": 1,
        "2": 1,
        "3": 1,
        "4": 1,
        "5": 1,
        "6": 1,
        "7": 1,
        "8": 1,
        "9": "",
        "10": 1,
        "11": "",
        "12": "",
        "13": 1,
        "14": 1,
        "15": 1
    },
    "reg_alpha": {
        "0": 0.0,
        "1": 0.0125,
        "2": 0.0125,
        "3": 0.0125,
        "4": 0.0125,
        "5": 0.0125,
        "6": 0.0125,
        "7": 0.0125,
        "8": 0.0125,
        "9": 0.0,
        "10": 0.0375,
        "11": 0.0,
        "12": 0.0,
        "13": 0.025,
        "14": 0.0125,
        "15": 0.05
    },
    "reg_lambda": {
        "0": 1.0,
        "1": 0.05,
        "2": 0.05,
        "3": 0.05,
        "4": 0.05,
        "5": 0.05,
        "6": 0.05,
        "7": 0.05,
        "8": 0.05,
        "9": 1.0,
        "10": 0.05,
        "11": 1.0,
        "12": 1.0,
        "13": 0.1,
        "14": 0.05,
        "15": 0.05
    },
    "scale_pos_weight": {
        "0": 1.0,
        "1": "",
        "2": "",
        "3": "",
        "4": "",
        "5": "",
        "6": "",
        "7": "",
        "8": "",
        "9": 1.0,
        "10": "",
        "11": 1.0,
        "12": 1.0,
        "13": "",
        "14": "",
        "15": ""
    },
    "subsample": {
        "0": 0.4,
        "1": "",
        "2": "",
        "3": "",
        "4": "",
        "5": "",
        "6": "",
        "7": "",
        "8": "",
        "9": 0.9,
        "10": "",
        "11": 0.8,
        "12": 0.8,
        "13": "",
        "14": "",
        "15": ""
    },
    "tolerance": {
        "0": "",
        "1": 0.01,
        "2": 0.01,
        "3": 0.01,
        "4": 0.01,
        "5": 0.01,
        "6": 0.01,
        "7": 0.01,
        "8": 0.01,
        "9": "",
        "10": 0.01,
        "11": "",
        "12": "",
        "13": 0.01,
        "14": 0.01,
        "15": 0.01
    },
    "tree_method": {
        "0": "gpu_hist",
        "1": "auto",
        "2": "auto",
        "3": "auto",
        "4": "auto",
        "5": "auto",
        "6": "auto",
        "7": "auto",
        "8": "auto",
        "9": "gpu_hist",
        "10": "auto",
        "11": "gpu_hist",
        "12": "gpu_hist",
        "13": "auto",
        "14": "auto",
        "15": "auto"
    },
    "updater": {
        "0": "",
        "1": "gpu_coord_descent",
        "2": "gpu_coord_descent",
        "3": "gpu_coord_descent",
        "4": "gpu_coord_descent",
        "5": "gpu_coord_descent",
        "6": "gpu_coord_descent",
        "7": "gpu_coord_descent",
        "8": "gpu_coord_descent",
        "9": "",
        "10": "gpu_coord_descent",
        "11": "",
        "12": "",
        "13": "gpu_coord_descent",
        "14": "gpu_coord_descent",
        "15": "gpu_coord_descent"
    },
    "scores": {
        "0": 0.6566773695,
        "1": 0.615292985,
        "2": 0.615292985,
        "3": 0.615292985,
        "4": 0.615292985,
        "5": 0.6147820045,
        "6": 0.6147820045,
        "7": 0.6147820045,
        "8": 0.6147820045,
        "9": 0.5243856572,
        "10": 0.5027663019,
        "11": 0.5020339485,
        "12": 0.5013661169,
        "13": 0.5,
        "14": 0.5,
        "15": 0.4997483708
    },
    "scores_sd": {
        "0": 0.0068948151,
        "1": 0.0065363759,
        "2": 0.0061417646,
        "3": 0.0070178146,
        "4": 0.0068169724,
        "5": 0.0060332862,
        "6": 0.0053268747,
        "7": 0.0051806449,
        "8": 0.0066149428,
        "9": 0.0040554877,
        "10": 0.0015259325,
        "11": 0.0007271735,
        "12": 0.0004359434,
        "13": 0.0,
        "14": 0.0,
        "15": 0.0010841607
    },
    "training_times": {
        "0": 1.3932883739,
        "1": 32.135989666,
        "2": 32.1043281555,
        "3": 32.2215692997,
        "4": 32.3866810799,
        "5": 32.0555686951,
        "6": 32.1016216278,
        "7": 31.6493430138,
        "8": 31.8515934944,
        "9": 0.8516356945,
        "10": 0.5023920536,
        "11": 0.8697032928,
        "12": 0.7384109497,
        "13": 1.0015308857,
        "14": 0.4995672703,
        "15": 0.714836359
    },
    "rel_time": {
        "0": 0.0430204123,
        "1": 0.9922594287,
        "2": 0.9912818197,
        "3": 0.9949018617,
        "4": 1.0,
        "5": 0.9897762792,
        "6": 0.9911982506,
        "7": 0.9772332934,
        "8": 0.9834781593,
        "9": 0.0262958619,
        "10": 0.0155123043,
        "11": 0.0268537332,
        "12": 0.0227998339,
        "13": 0.0309241593,
        "14": 0.0154250838,
        "15": 0.0220719239
    },
    "optimal_n_estimators": {
        "0": 141,
        "1": 34,
        "2": 34,
        "3": 34,
        "4": 34,
        "5": 33,
        "6": 33,
        "7": 33,
        "8": 33,
        "9": 141,
        "10": 16,
        "11": 137,
        "12": 141,
        "13": 15,
        "14": 15,
        "15": 15
    },
    "rel_optimal_n_estimators": {
        "0": 1.0,
        "1": 0.2411347518,
        "2": 0.2411347518,
        "3": 0.2411347518,
        "4": 0.2411347518,
        "5": 0.2340425532,
        "6": 0.2340425532,
        "7": 0.2340425532,
        "8": 0.2340425532,
        "9": 1.0,
        "10": 0.1134751773,
        "11": 0.9716312057,
        "12": 1.0,
        "13": 0.1063829787,
        "14": 0.1063829787,
        "15": 0.1063829787
    },
    "ngenes_start": {
        "0": 1,
        "1": 3472,
        "2": 3472,
        "3": 3472,
        "4": 3472,
        "5": 3472,
        "6": 3472,
        "7": 3472,
        "8": 3472,
        "9": 3872,
        "10": 1,
        "11": 3872,
        "12": 1,
        "13": 1,
        "14": 1,
        "15": 1
    },
    "ngenes_max": {
        "0": 6842,
        "1": 66632,
        "2": 66632,
        "3": 66632,
        "4": 66632,
        "5": 66632,
        "6": 66632,
        "7": 66632,
        "8": 66632,
        "9": 31847,
        "10": 66632,
        "11": 6842,
        "12": 31847,
        "13": 66632,
        "14": 66632,
        "15": 66632
    },
    "ngenes": {
        "0": 1,
        "1": 256,
        "2": 256,
        "3": 256,
        "4": 256,
        "5": 186,
        "6": 186,
        "7": 186,
        "8": 186,
        "9": 1,
        "10": 1,
        "11": 1,
        "12": 1,
        "13": 1,
        "14": 1,
        "15": 1
    },
    "nfeatures_max": {
        "0": 6842,
        "1": 66632,
        "2": 66632,
        "3": 66632,
        "4": 66632,
        "5": 66632,
        "6": 66632,
        "7": 66632,
        "8": 66632,
        "9": 31847,
        "10": 66632,
        "11": 6842,
        "12": 31847,
        "13": 66632,
        "14": 66632,
        "15": 66632
    },
    "nfeatures": {
        "0": 1,
        "1": 256,
        "2": 256,
        "3": 256,
        "4": 256,
        "5": 186,
        "6": 186,
        "7": 186,
        "8": 186,
        "9": 1,
        "10": 1,
        "11": 1,
        "12": 1,
        "13": 1,
        "14": 1,
        "15": 1
    },
    "job status": {
        "0": "PASSED",
        "1": "PASSED",
        "2": "PASSED",
        "3": "PASSED",
        "4": "PASSED",
        "5": "PASSED",
        "6": "PASSED",
        "7": "PASSED",
        "8": "PASSED",
        "9": "PASSED",
        "10": "PASSED",
        "11": "PASSED",
        "12": "PASSED",
        "13": "PASSED",
        "14": "PASSED",
        "15": "PASSED"
    },
    "rel_scores": {
        "0": 1.0,
        "1": 0.9369791219,
        "2": 0.9369791219,
        "3": 0.9369791219,
        "4": 0.9369791219,
        "5": 0.9362009916,
        "6": 0.9362009916,
        "7": 0.9362009916,
        "8": 0.9362009916,
        "9": 0.7985438231,
        "10": 0.7656214836,
        "11": 0.7645062428,
        "12": 0.763489257,
        "13": 0.7614089098,
        "14": 0.7614089098,
        "15": 0.7610257244
    },
    "complexity": {
        "0": 181.0193359838,
        "1": 2560.0,
        "2": 2560.0,
        "3": 2560.0,
        "4": 2560.0,
        "5": 1860.0,
        "6": 1860.0,
        "7": 1860.0,
        "8": 1860.0,
        "9": 32.0,
        "10": 10.0,
        "11": 248.7375886525,
        "12": 55.9016994375,
        "13": 10.0,
        "14": 10.0,
        "15": 10.0
    },
    "z-score": {
        "0": 0.0,
        "1": 6.0022471903,
        "2": 6.0022471903,
        "3": 6.0022471903,
        "4": 6.0022471903,
        "5": 6.076358025,
        "6": 6.076358025,
        "7": 6.076358025,
        "8": 6.076358025,
        "9": 19.1871298392,
        "10": 22.3227259442,
        "11": 22.4289439311,
        "12": 22.5258038962,
        "13": 22.7239407439,
        "14": 22.7239407439,
        "15": 22.7604361694
    },
    "isbest": {
        "0": "*",
        "1": "",
        "2": "",
        "3": "",
        "4": "",
        "5": "",
        "6": "",
        "7": "",
        "8": "",
        "9": "",
        "10": "",
        "11": "",
        "12": "",
        "13": "",
        "14": "",
        "15": ""
    },
    "good": {
        "0": "+",
        "1": "",
        "2": "",
        "3": "",
        "4": "",
        "5": "",
        "6": "",
        "7": "",
        "8": "",
        "9": "",
        "10": "",
        "11": "",
        "12": "",
        "13": "",
        "14": "",
        "15": ""
    }
}