{
  "bindings": [
    {
      "type": "eventHubTrigger",
      "name": "myEventHubMessage",
      "connection": "tmessageb_RootManageSharedAccessKey_EVENTHUB",
      "path": "raw",
      "consumerGroup": "outconnector",
      "cardinality": "one",
      "direction": "in"
    },
    {
      "type": "twilioSms",
      "name": "smsmessage",
      "accountSid": "TwilioAccountSid",
      "authToken": "TwilioAuthToken",
      "direction": "out",
      "to": "+4917643308311",
      "from": "+18649000719"
    },
    {
      "type": "documentDB",
      "name": "outputDocument",
      "databaseName": "tSensorDB",
      "collectionName": "predictiontb",
      "createIfNotExists": false,
      "connection": "tmicrotkpdb_DOCUMENTDB",
      "direction": "out"
    }
  ],
  "disabled": false
}