{
    "$schema": "https://schema.management.azure.com/schemas/2015-01-01/deploymentParameters.json#",
    "contentVersion": "1.0.0.0",
    "parameters": {
        "databaseAccounts_tmicrotkpdb_name": {
            "value": null
        },
        "sites_tmicrotkpfunc_name": {
            "value": null
        },
        "serverfarms_tmicrotkpasp_name": {
            "value": null
        },
        "IotHubs_tCloudGateway_name": {
            "value": null
        },
        "namespaces_tmessageb_name": {
            "value": null
        },
        "virtualMachines_tmlModel_name": {
            "value": null
        },
        "networkInterfaces_tmlmodel320_name": {
            "value": null
        },
        "publicIPAddresses_tmlModel_ip_name": {
            "value": null
        },
        "databaseAccounts_tmicrotkpdb_name_1": {
            "value": null
        },
        "storageAccounts_tmicrotkpfuncsa_name": {
            "value": null
        },
        "virtualNetworks_IOTHackathon_vnet_name": {
            "value": null
        },
        "networkSecurityGroups_tmlModel_nsg_name": {
            "value": null
        },
        "eventhubs_raw_name": {
            "value": null
        },
        "streamingjobs_tHotPathProcessor_name": {
            "value": null
        },
        "consumergroups_$Default_name": {
            "value": null
        },
        "consumergroups_outconnector_name": {
            "value": null
        },
        "hostNameBindings_tmicrotkpfunc.azurewebsites.net_name": {
            "value": null
        },
        "AuthorizationRules_RootManageSharedAccessKey_name": {
            "value": null
        },
        "virtualMachines_tmlModel_id": {
            "value": null
        }
    }
}