{
    "$schema": "https://schema.management.azure.com/schemas/2015-01-01/deploymentTemplate.json#",
    "contentVersion": "1.0.0.0",
    "parameters": {
        "databaseAccounts_tmicrotkpdb_name": {
            "defaultValue": null,
            "type": "SecureString"
        },
        "sites_tmicrotkpfunc_name": {
            "defaultValue": "tmicrotkpfunc",
            "type": "String"
        },
        "serverfarms_tmicrotkpasp_name": {
            "defaultValue": "tmicrotkpasp",
            "type": "String"
        },
        "IotHubs_tCloudGateway_name": {
            "defaultValue": "tCloudGateway",
            "type": "String"
        },
        "namespaces_tmessageb_name": {
            "defaultValue": "tmessageb",
            "type": "String"
        },
        "virtualMachines_tmlModel_name": {
            "defaultValue": "tmlModel",
            "type": "String"
        },
        "networkInterfaces_tmlmodel320_name": {
            "defaultValue": "tmlmodel320",
            "type": "String"
        },
        "publicIPAddresses_tmlModel_ip_name": {
            "defaultValue": "tmlModel-ip",
            "type": "String"
        },
        "databaseAccounts_tmicrotkpdb_name_1": {
            "defaultValue": "tmicrotkpdb",
            "type": "String"
        },
        "storageAccounts_tmicrotkpfuncsa_name": {
            "defaultValue": "tmicrotkpfuncsa",
            "type": "String"
        },
        "virtualNetworks_IOTHackathon_vnet_name": {
            "defaultValue": "IOTHackathon-vnet",
            "type": "String"
        },
        "networkSecurityGroups_tmlModel_nsg_name": {
            "defaultValue": "tmlModel-nsg",
            "type": "String"
        },
        "eventhubs_raw_name": {
            "defaultValue": "raw",
            "type": "String"
        },
        "streamingjobs_tHotPathProcessor_name": {
            "defaultValue": "tHotPathProcessor",
            "type": "String"
        },
        "consumergroups_$Default_name": {
            "defaultValue": "$Default",
            "type": "String"
        },
        "consumergroups_outconnector_name": {
            "defaultValue": "outconnector",
            "type": "String"
        },
        "hostNameBindings_tmicrotkpfunc.azurewebsites.net_name": {
            "defaultValue": "tmicrotkpfunc.azurewebsites.net",
            "type": "String"
        },
        "AuthorizationRules_RootManageSharedAccessKey_name": {
            "defaultValue": "RootManageSharedAccessKey",
            "type": "String"
        },
        "virtualMachines_tmlModel_id": {
            "defaultValue": "/subscriptions/0ffa0d63-069d-44c9-ae73-033911d17892/resourceGroups/IOTHackathon/providers/Microsoft.Compute/disks/tmlModel_OsDisk_1_60fd956530294220b237c2eb2bcef6c1",
            "type": "String"
        }
    },
    "variables": {},
    "resources": [
        {
            "comments": "Generalized from resource: '/subscriptions/0ffa0d63-069d-44c9-ae73-033911d17892/resourceGroups/IOTHackathon/providers/Microsoft.Compute/virtualMachines/tmlModel'.",
            "type": "Microsoft.Compute/virtualMachines",
            "name": "[parameters('virtualMachines_tmlModel_name')]",
            "apiVersion": "2017-12-01",
            "location": "westeurope",
            "scale": null,
            "properties": {
                "hardwareProfile": {
                    "vmSize": "Standard_B1s"
                },
                "storageProfile": {
                    "imageReference": {
                        "publisher": "Canonical",
                        "offer": "UbuntuServer",
                        "sku": "17.10",
                        "version": "latest"
                    },
                    "osDisk": {
                        "osType": "Linux",
                        "name": "[concat(parameters('virtualMachines_tmlModel_name'),'_OsDisk_1_60fd956530294220b237c2eb2bcef6c1')]",
                        "createOption": "FromImage",
                        "caching": "ReadWrite",
                        "managedDisk": {
                            "storageAccountType": "Premium_LRS",
                            "id": "[parameters('virtualMachines_tmlModel_id')]"
                        },
                        "diskSizeGB": 30
                    },
                    "dataDisks": []
                },
                "osProfile": {
                    "computerName": "[parameters('virtualMachines_tmlModel_name')]",
                    "adminUsername": "lambda",
                    "linuxConfiguration": {
                        "disablePasswordAuthentication": false
                    },
                    "secrets": []
                },
                "networkProfile": {
                    "networkInterfaces": [
                        {
                            "id": "[resourceId('Microsoft.Network/networkInterfaces', parameters('networkInterfaces_tmlmodel320_name'))]"
                        }
                    ]
                },
                "diagnosticsProfile": {
                    "bootDiagnostics": {
                        "enabled": true,
                        "storageUri": "https://analysisrgdiag189.blob.core.windows.net/"
                    }
                }
            },
            "dependsOn": [
                "[resourceId('Microsoft.Network/networkInterfaces', parameters('networkInterfaces_tmlmodel320_name'))]"
            ]
        },
        {
            "comments": "Generalized from resource: '/subscriptions/0ffa0d63-069d-44c9-ae73-033911d17892/resourceGroups/IOTHackathon/providers/Microsoft.Devices/IotHubs/tCloudGateway'.",
            "type": "Microsoft.Devices/IotHubs",
            "sku": {
                "name": "S1",
                "tier": "Standard",
                "capacity": 1
            },
            "name": "[parameters('IotHubs_tCloudGateway_name')]",
            "apiVersion": "2018-04-01",
            "location": "westeurope",
            "tags": {},
            "scale": null,
            "properties": {
                "operationsMonitoringProperties": {
                    "events": {
                        "None": "None",
                        "Connections": "None",
                        "DeviceTelemetry": "None",
                        "C2DCommands": "None",
                        "DeviceIdentityOperations": "None",
                        "FileUploadOperations": "None",
                        "Routes": "None"
                    }
                },
                "ipFilterRules": [],
                "eventHubEndpoints": {
                    "events": {
                        "retentionTimeInDays": 1,
                        "partitionCount": 4,
                        "partitionIds": [
                            "0",
                            "1",
                            "2",
                            "3"
                        ],
                        "path": "[concat(parameters('IotHubs_tCloudGateway_name'),'tcloudgateway', parameters('IotHubs_tCloudGateway_name'))]",
                        "endpoint": "sb://iothub-ns-tcloudgate-638087-2be74c6d66.servicebus.windows.net/"
                    },
                    "operationsMonitoringEvents": {
                        "retentionTimeInDays": 1,
                        "partitionCount": 4,
                        "partitionIds": [
                            "0",
                            "1",
                            "2",
                            "3"
                        ],
                        "path": "[concat(parameters('IotHubs_tCloudGateway_name'),'tcloudgateway-operationmonitoring')]",
                        "endpoint": "sb://iothub-ns-tcloudgate-638087-2be74c6d66.servicebus.windows.net/"
                    }
                },
                "routing": {
                    "endpoints": {
                        "serviceBusQueues": [],
                        "serviceBusTopics": [],
                        "eventHubs": [],
                        "storageContainers": []
                    },
                    "routes": [],
                    "fallbackRoute": {
                        "name": "$fallback",
                        "source": "DeviceMessages",
                        "condition": "true",
                        "endpointNames": [
                            "events"
                        ],
                        "isEnabled": true
                    }
                },
                "storageEndpoints": {
                    "$default": {
                        "sasTtlAsIso8601": "PT1H",
                        "connectionString": "",
                        "containerName": ""
                    }
                },
                "messagingEndpoints": {
                    "fileNotifications": {
                        "lockDurationAsIso8601": "PT1M",
                        "ttlAsIso8601": "PT1H",
                        "maxDeliveryCount": 10
                    }
                },
                "enableFileUploadNotifications": false,
                "cloudToDevice": {
                    "maxDeliveryCount": 10,
                    "defaultTtlAsIso8601": "PT1H",
                    "feedback": {
                        "lockDurationAsIso8601": "PT1M",
                        "ttlAsIso8601": "PT1H",
                        "maxDeliveryCount": 10
                    }
                },
                "features": "None"
            },
            "dependsOn": []
        },
        {
            "comments": "Generalized from resource: '/subscriptions/0ffa0d63-069d-44c9-ae73-033911d17892/resourceGroups/IOTHackathon/providers/Microsoft.DocumentDB/databaseAccounts/tmicrotkpdb'.",
            "type": "Microsoft.DocumentDB/databaseAccounts",
            "kind": "GlobalDocumentDB",
            "name": "[parameters('databaseAccounts_tmicrotkpdb_name_1')]",
            "apiVersion": "2015-04-08",
            "location": "West Europe",
            "tags": {},
            "scale": null,
            "properties": {
                "databaseAccountOfferType": "Standard",
                "consistencyPolicy": {
                    "defaultConsistencyLevel": "Session",
                    "maxIntervalInSeconds": 5,
                    "maxStalenessPrefix": 100
                },
                "name": "[parameters('databaseAccounts_tmicrotkpdb_name')]"
            },
            "dependsOn": []
        },
        {
            "comments": "Generalized from resource: '/subscriptions/0ffa0d63-069d-44c9-ae73-033911d17892/resourceGroups/IOTHackathon/providers/Microsoft.EventHub/namespaces/tmessageb'.",
            "type": "Microsoft.EventHub/namespaces",
            "sku": {
                "name": "Standard",
                "tier": "Standard",
                "capacity": 1
            },
            "name": "[parameters('namespaces_tmessageb_name')]",
            "apiVersion": "2017-04-01",
            "location": "West Europe",
            "tags": {},
            "scale": null,
            "properties": {
                "isAutoInflateEnabled": false,
                "maximumThroughputUnits": 0
            },
            "dependsOn": []
        },
        {
            "comments": "Generalized from resource: '/subscriptions/0ffa0d63-069d-44c9-ae73-033911d17892/resourceGroups/IOTHackathon/providers/Microsoft.Network/networkInterfaces/tmlmodel320'.",
            "type": "Microsoft.Network/networkInterfaces",
            "name": "[parameters('networkInterfaces_tmlmodel320_name')]",
            "apiVersion": "2018-02-01",
            "location": "westeurope",
            "scale": null,
            "properties": {
                "provisioningState": "Succeeded",
                "resourceGuid": "bac696f4-88b5-4d9a-ace6-b26933a4a6da",
                "ipConfigurations": [
                    {
                        "name": "ipconfig1",
                        "etag": "W/\"274ad696-5428-464d-98e7-791a13d07d55\"",
                        "properties": {
                            "provisioningState": "Succeeded",
                            "privateIPAddress": "10.0.1.4",
                            "privateIPAllocationMethod": "Dynamic",
                            "publicIPAddress": {
                                "id": "[resourceId('Microsoft.Network/publicIPAddresses', parameters('publicIPAddresses_tmlModel_ip_name'))]"
                            },
                            "subnet": {
                                "id": "[concat(resourceId('Microsoft.Network/virtualNetworks', parameters('virtualNetworks_IOTHackathon_vnet_name')), '/subnets/default')]"
                            },
                            "primary": true,
                            "privateIPAddressVersion": "IPv4"
                        }
                    }
                ],
                "dnsSettings": {
                    "dnsServers": [],
                    "appliedDnsServers": [],
                    "internalDomainNameSuffix": "1a0rkp3v2fveblpw1rkmthrefb.ax.internal.cloudapp.net"
                },
                "macAddress": "00-0D-3A-28-A5-12",
                "enableAcceleratedNetworking": false,
                "enableIPForwarding": false,
                "networkSecurityGroup": {
                    "id": "[resourceId('Microsoft.Network/networkSecurityGroups', parameters('networkSecurityGroups_tmlModel_nsg_name'))]"
                },
                "primary": true
            },
            "dependsOn": [
                "[resourceId('Microsoft.Network/publicIPAddresses', parameters('publicIPAddresses_tmlModel_ip_name'))]",
                "[resourceId('Microsoft.Network/virtualNetworks', parameters('virtualNetworks_IOTHackathon_vnet_name'))]",
                "[resourceId('Microsoft.Network/networkSecurityGroups', parameters('networkSecurityGroups_tmlModel_nsg_name'))]"
            ]
        },
        {
            "comments": "Generalized from resource: '/subscriptions/0ffa0d63-069d-44c9-ae73-033911d17892/resourceGroups/IOTHackathon/providers/Microsoft.Network/networkSecurityGroups/tmlModel-nsg'.",
            "type": "Microsoft.Network/networkSecurityGroups",
            "name": "[parameters('networkSecurityGroups_tmlModel_nsg_name')]",
            "apiVersion": "2018-02-01",
            "location": "westeurope",
            "scale": null,
            "properties": {
                "provisioningState": "Succeeded",
                "resourceGuid": "c975b3bc-ae7a-426e-b0be-0d05e6c7973d",
                "securityRules": [
                    {
                        "name": "HTTP",
                        "etag": "W/\"65740053-c4bc-483b-9db1-5915f35e853b\"",
                        "properties": {
                            "provisioningState": "Succeeded",
                            "protocol": "TCP",
                            "sourcePortRange": "*",
                            "destinationPortRange": "*",
                            "sourceAddressPrefix": "*",
                            "destinationAddressPrefix": "*",
                            "access": "Allow",
                            "priority": 300,
                            "direction": "Inbound",
                            "sourcePortRanges": [],
                            "destinationPortRanges": [],
                            "sourceAddressPrefixes": [],
                            "destinationAddressPrefixes": []
                        }
                    },
                    {
                        "name": "SSH",
                        "etag": "W/\"65740053-c4bc-483b-9db1-5915f35e853b\"",
                        "properties": {
                            "provisioningState": "Succeeded",
                            "protocol": "TCP",
                            "sourcePortRange": "*",
                            "destinationPortRange": "22",
                            "sourceAddressPrefix": "*",
                            "destinationAddressPrefix": "*",
                            "access": "Allow",
                            "priority": 320,
                            "direction": "Inbound",
                            "sourcePortRanges": [],
                            "destinationPortRanges": [],
                            "sourceAddressPrefixes": [],
                            "destinationAddressPrefixes": []
                        }
                    },
                    {
                        "name": "HTTPS",
                        "etag": "W/\"65740053-c4bc-483b-9db1-5915f35e853b\"",
                        "properties": {
                            "provisioningState": "Succeeded",
                            "protocol": "TCP",
                            "sourcePortRange": "*",
                            "destinationPortRange": "443",
                            "sourceAddressPrefix": "*",
                            "destinationAddressPrefix": "*",
                            "access": "Allow",
                            "priority": 340,
                            "direction": "Inbound",
                            "sourcePortRanges": [],
                            "destinationPortRanges": [],
                            "sourceAddressPrefixes": [],
                            "destinationAddressPrefixes": []
                        }
                    },
                    {
                        "name": "RDP",
                        "etag": "W/\"65740053-c4bc-483b-9db1-5915f35e853b\"",
                        "properties": {
                            "provisioningState": "Succeeded",
                            "protocol": "TCP",
                            "sourcePortRange": "*",
                            "destinationPortRange": "3389",
                            "sourceAddressPrefix": "*",
                            "destinationAddressPrefix": "*",
                            "access": "Allow",
                            "priority": 360,
                            "direction": "Inbound",
                            "sourcePortRanges": [],
                            "destinationPortRanges": [],
                            "sourceAddressPrefixes": [],
                            "destinationAddressPrefixes": []
                        }
                    }
                ],
                "defaultSecurityRules": [
                    {
                        "name": "AllowVnetInBound",
                        "etag": "W/\"65740053-c4bc-483b-9db1-5915f35e853b\"",
                        "properties": {
                            "provisioningState": "Succeeded",
                            "description": "Allow inbound traffic from all VMs in VNET",
                            "protocol": "*",
                            "sourcePortRange": "*",
                            "destinationPortRange": "*",
                            "sourceAddressPrefix": "VirtualNetwork",
                            "destinationAddressPrefix": "VirtualNetwork",
                            "access": "Allow",
                            "priority": 65000,
                            "direction": "Inbound",
                            "sourcePortRanges": [],
                            "destinationPortRanges": [],
                            "sourceAddressPrefixes": [],
                            "destinationAddressPrefixes": []
                        }
                    },
                    {
                        "name": "AllowAzureLoadBalancerInBound",
                        "etag": "W/\"65740053-c4bc-483b-9db1-5915f35e853b\"",
                        "properties": {
                            "provisioningState": "Succeeded",
                            "description": "Allow inbound traffic from azure load balancer",
                            "protocol": "*",
                            "sourcePortRange": "*",
                            "destinationPortRange": "*",
                            "sourceAddressPrefix": "AzureLoadBalancer",
                            "destinationAddressPrefix": "*",
                            "access": "Allow",
                            "priority": 65001,
                            "direction": "Inbound",
                            "sourcePortRanges": [],
                            "destinationPortRanges": [],
                            "sourceAddressPrefixes": [],
                            "destinationAddressPrefixes": []
                        }
                    },
                    {
                        "name": "DenyAllInBound",
                        "etag": "W/\"65740053-c4bc-483b-9db1-5915f35e853b\"",
                        "properties": {
                            "provisioningState": "Succeeded",
                            "description": "Deny all inbound traffic",
                            "protocol": "*",
                            "sourcePortRange": "*",
                            "destinationPortRange": "*",
                            "sourceAddressPrefix": "*",
                            "destinationAddressPrefix": "*",
                            "access": "Deny",
                            "priority": 65500,
                            "direction": "Inbound",
                            "sourcePortRanges": [],
                            "destinationPortRanges": [],
                            "sourceAddressPrefixes": [],
                            "destinationAddressPrefixes": []
                        }
                    },
                    {
                        "name": "AllowVnetOutBound",
                        "etag": "W/\"65740053-c4bc-483b-9db1-5915f35e853b\"",
                        "properties": {
                            "provisioningState": "Succeeded",
                            "description": "Allow outbound traffic from all VMs to all VMs in VNET",
                            "protocol": "*",
                            "sourcePortRange": "*",
                            "destinationPortRange": "*",
                            "sourceAddressPrefix": "VirtualNetwork",
                            "destinationAddressPrefix": "VirtualNetwork",
                            "access": "Allow",
                            "priority": 65000,
                            "direction": "Outbound",
                            "sourcePortRanges": [],
                            "destinationPortRanges": [],
                            "sourceAddressPrefixes": [],
                            "destinationAddressPrefixes": []
                        }
                    },
                    {
                        "name": "AllowInternetOutBound",
                        "etag": "W/\"65740053-c4bc-483b-9db1-5915f35e853b\"",
                        "properties": {
                            "provisioningState": "Succeeded",
                            "description": "Allow outbound traffic from all VMs to Internet",
                            "protocol": "*",
                            "sourcePortRange": "*",
                            "destinationPortRange": "*",
                            "sourceAddressPrefix": "*",
                            "destinationAddressPrefix": "Internet",
                            "access": "Allow",
                            "priority": 65001,
                            "direction": "Outbound",
                            "sourcePortRanges": [],
                            "destinationPortRanges": [],
                            "sourceAddressPrefixes": [],
                            "destinationAddressPrefixes": []
                        }
                    },
                    {
                        "name": "DenyAllOutBound",
                        "etag": "W/\"65740053-c4bc-483b-9db1-5915f35e853b\"",
                        "properties": {
                            "provisioningState": "Succeeded",
                            "description": "Deny all outbound traffic",
                            "protocol": "*",
                            "sourcePortRange": "*",
                            "destinationPortRange": "*",
                            "sourceAddressPrefix": "*",
                            "destinationAddressPrefix": "*",
                            "access": "Deny",
                            "priority": 65500,
                            "direction": "Outbound",
                            "sourcePortRanges": [],
                            "destinationPortRanges": [],
                            "sourceAddressPrefixes": [],
                            "destinationAddressPrefixes": []
                        }
                    }
                ]
            },
            "dependsOn": []
        },
        {
            "comments": "Generalized from resource: '/subscriptions/0ffa0d63-069d-44c9-ae73-033911d17892/resourceGroups/IOTHackathon/providers/Microsoft.Network/publicIPAddresses/tmlModel-ip'.",
            "type": "Microsoft.Network/publicIPAddresses",
            "sku": {
                "name": "Basic",
                "tier": "Regional"
            },
            "name": "[parameters('publicIPAddresses_tmlModel_ip_name')]",
            "apiVersion": "2018-02-01",
            "location": "westeurope",
            "scale": null,
            "properties": {
                "provisioningState": "Succeeded",
                "resourceGuid": "2d50eb5f-f203-4061-9634-dd060e851203",
                "ipAddress": "40.91.209.16",
                "publicIPAddressVersion": "IPv4",
                "publicIPAllocationMethod": "Dynamic",
                "idleTimeoutInMinutes": 4,
                "ipTags": []
            },
            "dependsOn": []
        },
        {
            "comments": "Generalized from resource: '/subscriptions/0ffa0d63-069d-44c9-ae73-033911d17892/resourceGroups/IOTHackathon/providers/Microsoft.Network/virtualNetworks/IOTHackathon-vnet'.",
            "type": "Microsoft.Network/virtualNetworks",
            "name": "[parameters('virtualNetworks_IOTHackathon_vnet_name')]",
            "apiVersion": "2018-02-01",
            "location": "westeurope",
            "scale": null,
            "properties": {
                "provisioningState": "Succeeded",
                "resourceGuid": "3f1535d8-e1b5-406a-adf6-dc54c99e2429",
                "addressSpace": {
                    "addressPrefixes": [
                        "10.0.1.0/24"
                    ]
                },
                "subnets": [
                    {
                        "name": "default",
                        "etag": "W/\"ca6e8d21-9159-4652-bc4a-21bb32a0f0ac\"",
                        "properties": {
                            "provisioningState": "Succeeded",
                            "addressPrefix": "10.0.1.0/24"
                        }
                    }
                ],
                "virtualNetworkPeerings": [],
                "enableDdosProtection": false,
                "enableVmProtection": false
            },
            "dependsOn": []
        },
        {
            "comments": "Generalized from resource: '/subscriptions/0ffa0d63-069d-44c9-ae73-033911d17892/resourceGroups/IOTHackathon/providers/Microsoft.Storage/storageAccounts/tmicrotkpfuncsa'.",
            "type": "Microsoft.Storage/storageAccounts",
            "sku": {
                "name": "Standard_LRS",
                "tier": "Standard"
            },
            "kind": "Storage",
            "name": "[parameters('storageAccounts_tmicrotkpfuncsa_name')]",
            "apiVersion": "2018-03-01-preview",
            "location": "westeurope",
            "tags": {},
            "scale": null,
            "properties": {
                "networkAcls": {
                    "bypass": "AzureServices",
                    "virtualNetworkRules": [],
                    "ipRules": [],
                    "defaultAction": "Allow"
                },
                "supportsHttpsTrafficOnly": false,
                "encryption": {
                    "services": {
                        "file": {
                            "enabled": true
                        },
                        "blob": {
                            "enabled": true
                        }
                    },
                    "keySource": "Microsoft.Storage"
                }
            },
            "dependsOn": []
        },
        {
            "comments": "Generalized from resource: '/subscriptions/0ffa0d63-069d-44c9-ae73-033911d17892/resourceGroups/IOTHackathon/providers/Microsoft.StreamAnalytics/streamingjobs/tHotPathProcessor'.",
            "type": "Microsoft.StreamAnalytics/streamingjobs",
            "name": "[parameters('streamingjobs_tHotPathProcessor_name')]",
            "apiVersion": "2016-03-01",
            "location": "West Europe",
            "scale": null,
            "properties": {
                "sku": {
                    "name": "Standard"
                },
                "outputStartMode": "JobStartTime",
                "outputStartTime": "2018-08-06T15:26:42.687Z",
                "eventsOutOfOrderPolicy": "Adjust",
                "outputErrorPolicy": "Stop",
                "eventsOutOfOrderMaxDelayInSeconds": 0,
                "eventsLateArrivalMaxDelayInSeconds": 5,
                "dataLocale": "en-US",
                "compatibilityLevel": "1.0"
            },
            "dependsOn": []
        },
        {
            "comments": "Generalized from resource: '/subscriptions/0ffa0d63-069d-44c9-ae73-033911d17892/resourceGroups/IOTHackathon/providers/Microsoft.Web/serverfarms/tmicrotkpasp'.",
            "type": "Microsoft.Web/serverfarms",
            "sku": {
                "name": "Y1",
                "tier": "Dynamic",
                "size": "Y1",
                "family": "Y",
                "capacity": 0
            },
            "kind": "functionapp",
            "name": "[parameters('serverfarms_tmicrotkpasp_name')]",
            "apiVersion": "2016-09-01",
            "location": "West Europe",
            "scale": null,
            "properties": {
                "name": "[parameters('serverfarms_tmicrotkpasp_name')]",
                "workerTierName": null,
                "adminSiteName": null,
                "hostingEnvironmentProfile": null,
                "perSiteScaling": false,
                "reserved": false,
                "targetWorkerCount": 0,
                "targetWorkerSizeId": 0
            },
            "dependsOn": []
        },
        {
            "comments": "Generalized from resource: '/subscriptions/0ffa0d63-069d-44c9-ae73-033911d17892/resourceGroups/IOTHackathon/providers/Microsoft.Web/sites/tmicrotkpfunc'.",
            "type": "Microsoft.Web/sites",
            "kind": "functionapp",
            "name": "[parameters('sites_tmicrotkpfunc_name')]",
            "apiVersion": "2016-08-01",
            "location": "West Europe",
            "scale": null,
            "properties": {
                "enabled": true,
                "hostNameSslStates": [
                    {
                        "name": "[concat(parameters('sites_tmicrotkpfunc_name'),'.azurewebsites.net')]",
                        "sslState": "Disabled",
                        "virtualIP": null,
                        "thumbprint": null,
                        "toUpdate": null,
                        "hostType": "Standard"
                    },
                    {
                        "name": "[concat(parameters('sites_tmicrotkpfunc_name'),'.scm.azurewebsites.net')]",
                        "sslState": "Disabled",
                        "virtualIP": null,
                        "thumbprint": null,
                        "toUpdate": null,
                        "hostType": "Repository"
                    }
                ],
                "serverFarmId": "[resourceId('Microsoft.Web/serverfarms', parameters('serverfarms_tmicrotkpasp_name'))]",
                "reserved": false,
                "siteConfig": null,
                "scmSiteAlsoStopped": false,
                "hostingEnvironmentProfile": null,
                "clientAffinityEnabled": true,
                "clientCertEnabled": false,
                "hostNamesDisabled": false,
                "containerSize": 1536,
                "dailyMemoryTimeQuota": 0,
                "cloningInfo": null
            },
            "dependsOn": [
                "[resourceId('Microsoft.Web/serverfarms', parameters('serverfarms_tmicrotkpasp_name'))]"
            ]
        },
        {
            "comments": "Generalized from resource: '/subscriptions/0ffa0d63-069d-44c9-ae73-033911d17892/resourcegroups/IOTHackathon/providers/Microsoft.EventHub/namespaces/tmessageb/AuthorizationRules/RootManageSharedAccessKey'.",
            "type": "Microsoft.EventHub/namespaces/AuthorizationRules",
            "name": "[concat(parameters('namespaces_tmessageb_name'), '/', parameters('AuthorizationRules_RootManageSharedAccessKey_name'))]",
            "apiVersion": "2017-04-01",
            "location": "West Europe",
            "scale": null,
            "properties": {
                "rights": [
                    "Listen",
                    "Manage",
                    "Send"
                ]
            },
            "dependsOn": [
                "[resourceId('Microsoft.EventHub/namespaces', parameters('namespaces_tmessageb_name'))]"
            ]
        },
        {
            "comments": "Generalized from resource: '/subscriptions/0ffa0d63-069d-44c9-ae73-033911d17892/resourcegroups/IOTHackathon/providers/Microsoft.EventHub/namespaces/tmessageb/eventhubs/raw'.",
            "type": "Microsoft.EventHub/namespaces/eventhubs",
            "name": "[concat(parameters('namespaces_tmessageb_name'), '/', parameters('eventhubs_raw_name'))]",
            "apiVersion": "2017-04-01",
            "location": "West Europe",
            "scale": null,
            "properties": {
                "messageRetentionInDays": 1,
                "partitionCount": 2,
                "status": "Active"
            },
            "dependsOn": [
                "[resourceId('Microsoft.EventHub/namespaces', parameters('namespaces_tmessageb_name'))]"
            ]
        },
        {
            "comments": "Generalized from resource: '/subscriptions/0ffa0d63-069d-44c9-ae73-033911d17892/resourcegroups/IOTHackathon/providers/Microsoft.EventHub/namespaces/tmessageb/eventhubs/raw/consumergroups/$Default'.",
            "type": "Microsoft.EventHub/namespaces/eventhubs/consumergroups",
            "name": "[concat(parameters('namespaces_tmessageb_name'), '/', parameters('eventhubs_raw_name'), '/', parameters('consumergroups_$Default_name'))]",
            "apiVersion": "2017-04-01",
            "location": "West Europe",
            "scale": null,
            "properties": {},
            "dependsOn": [
                "[resourceId('Microsoft.EventHub/namespaces', parameters('namespaces_tmessageb_name'))]",
                "[resourceId('Microsoft.EventHub/namespaces/eventhubs', parameters('namespaces_tmessageb_name'), parameters('eventhubs_raw_name'))]"
            ]
        },
        {
            "comments": "Generalized from resource: '/subscriptions/0ffa0d63-069d-44c9-ae73-033911d17892/resourcegroups/IOTHackathon/providers/Microsoft.EventHub/namespaces/tmessageb/eventhubs/raw/consumergroups/outconnector'.",
            "type": "Microsoft.EventHub/namespaces/eventhubs/consumergroups",
            "name": "[concat(parameters('namespaces_tmessageb_name'), '/', parameters('eventhubs_raw_name'), '/', parameters('consumergroups_outconnector_name'))]",
            "apiVersion": "2017-04-01",
            "location": "West Europe",
            "scale": null,
            "properties": {},
            "dependsOn": [
                "[resourceId('Microsoft.EventHub/namespaces', parameters('namespaces_tmessageb_name'))]",
                "[resourceId('Microsoft.EventHub/namespaces/eventhubs', parameters('namespaces_tmessageb_name'), parameters('eventhubs_raw_name'))]"
            ]
        },
        {
            "comments": "Generalized from resource: '/subscriptions/0ffa0d63-069d-44c9-ae73-033911d17892/resourceGroups/IOTHackathon/providers/Microsoft.Web/sites/tmicrotkpfunc/hostNameBindings/tmicrotkpfunc.azurewebsites.net'.",
            "type": "Microsoft.Web/sites/hostNameBindings",
            "name": "[concat(parameters('sites_tmicrotkpfunc_name'), '/', parameters('hostNameBindings_tmicrotkpfunc.azurewebsites.net_name'))]",
            "apiVersion": "2016-08-01",
            "location": "West Europe",
            "scale": null,
            "properties": {
                "siteName": "tmicrotkpfunc",
                "domainId": null,
                "hostNameType": "Verified"
            },
            "dependsOn": [
                "[resourceId('Microsoft.Web/sites', parameters('sites_tmicrotkpfunc_name'))]"
            ]
        }
    ]
}